iter	RMSE
0	443.8541774
1	441.8645986
2	439.9884996
3	438.0992925
4	436.2241149
5	434.2194445
6	432.1133558
7	430.0074102
8	428.0896315
